{
    "now": "2024-10-17T15:02:06.573Z",
    "perfNow": 53991.5,
    "diagnosticCorrelation": "f8c9ca81-d256-47a9-9807-f19c89bc9550",
    "source": "DownloadSupportFiles",
    "environment": {
        "productName": "adf",
        "buildVersion": "1.0.092724.5",
        "environmentType": 3,
        "resourceName": "hvantage-adf",
        "resourceRegion": "centralindia",
        "resourceGroup": "Hvantage_rg",
        "subscriptionId": "09e76537-b8ef-4424-926d-9a1c080b52e8",
        "sessionId": "lLJ3N6+Gnw95DhW+bJ/U0I",
        "operationId": "",
        "gitType": "live",
        "loggingKey": "cbf6e71b-4fb8-4d29-ad05-2360f434bf00"
    },
    "additionalInfo": {
        "selectedResource": "full_load_PL",
        "selectedResourceType": "pipeline"
    }
}