{
    "now": "2024-10-17T15:01:34.222Z",
    "perfNow": 21638.70000000298,
    "diagnosticCorrelation": "ae8244b1-a0fd-4042-80d7-7eb88d3fbb6e",
    "source": "DownloadSupportFiles",
    "environment": {
        "productName": "adf",
        "buildVersion": "1.0.092724.5",
        "environmentType": 3,
        "resourceName": "hvantage-adf",
        "resourceRegion": "centralindia",
        "resourceGroup": "Hvantage_rg",
        "subscriptionId": "09e76537-b8ef-4424-926d-9a1c080b52e8",
        "sessionId": "lLJ3N6+Gnw95DhW+bJ/U0I",
        "operationId": "",
        "gitType": "live",
        "loggingKey": "cbf6e71b-4fb8-4d29-ad05-2360f434bf00"
    },
    "additionalInfo": {
        "selectedResource": "REST_API_PL_1",
        "selectedResourceType": "pipeline"
    }
}