{
    "name": "onprem_sql_tables_para_DS",
    "properties": {
        "linkedServiceName": {
            "referenceName": "on_prem_sql_server_LS",
            "type": "LinkedServiceReference"
        },
        "parameters": {
            "table_name": {
                "type": "string"
            }
        },
        "annotations": [],
        "type": "SqlServerTable",
        "schema": [],
        "typeProperties": {
            "schema": "dbo",
            "table": {
                "value": "@dataset().table_name",
                "type": "Expression"
            }
        }
    },
    "type": "Microsoft.DataFactory/factories/datasets"
}