{
    "name": "incremental_load_PL",
    "properties": {
        "activities": [
            {
                "name": "Incremental_load",
                "type": "DatabricksNotebook",
                "dependsOn": [],
                "policy": {
                    "timeout": "0.12:00:00",
                    "retry": 0,
                    "retryIntervalInSeconds": 30,
                    "secureOutput": false,
                    "secureInput": false
                },
                "userProperties": [],
                "typeProperties": {
                    "notebookPath": "/Users/gulnarbegum55@gmail.com/Incremental_loading"
                },
                "linkedServiceName": {
                    "referenceName": "AzureDatabricks_LS",
                    "type": "LinkedServiceReference"
                }
            }
        ],
        "folder": {
            "name": "databricks_loading"
        },
        "annotations": [],
        "lastPublishTime": "2024-10-13T18:25:05Z"
    },
    "type": "Microsoft.DataFactory/factories/pipelines"
}