{
    "now": "2024-10-17T15:02:10.100Z",
    "perfNow": 57518.10000000149,
    "diagnosticCorrelation": "51a66e87-50d6-4b3d-bc0b-d4cd9ce3e61a",
    "source": "DownloadSupportFiles",
    "environment": {
        "productName": "adf",
        "buildVersion": "1.0.092724.5",
        "environmentType": 3,
        "resourceName": "hvantage-adf",
        "resourceRegion": "centralindia",
        "resourceGroup": "Hvantage_rg",
        "subscriptionId": "09e76537-b8ef-4424-926d-9a1c080b52e8",
        "sessionId": "lLJ3N6+Gnw95DhW+bJ/U0I",
        "operationId": "",
        "gitType": "live",
        "loggingKey": "cbf6e71b-4fb8-4d29-ad05-2360f434bf00"
    },
    "additionalInfo": {
        "selectedResource": "incremental_load_PL",
        "selectedResourceType": "pipeline"
    }
}