{
    "name": "import_onprem_to_sql_cloud",
    "properties": {
        "activities": [
            {
                "name": "Lookup",
                "type": "Lookup",
                "dependsOn": [],
                "policy": {
                    "timeout": "0.12:00:00",
                    "retry": 0,
                    "retryIntervalInSeconds": 30,
                    "secureOutput": false,
                    "secureInput": false
                },
                "userProperties": [],
                "typeProperties": {
                    "source": {
                        "type": "SqlServerSource",
                        "sqlReaderQuery": "SELECT TABLE_NAME \nFROM INFORMATION_SCHEMA.TABLES \nWHERE TABLE_TYPE = 'BASE TABLE'\nORDER BY TABLE_NAME;",
                        "queryTimeout": "02:00:00",
                        "partitionOption": "None"
                    },
                    "dataset": {
                        "referenceName": "on_sql_server_DS",
                        "type": "DatasetReference"
                    },
                    "firstRowOnly": false
                }
            },
            {
                "name": "ForEach",
                "type": "ForEach",
                "dependsOn": [
                    {
                        "activity": "Lookup",
                        "dependencyConditions": [
                            "Succeeded"
                        ]
                    }
                ],
                "userProperties": [],
                "typeProperties": {
                    "items": {
                        "value": "@activity('Lookup').output.value",
                        "type": "Expression"
                    },
                    "isSequential": true,
                    "activities": [
                        {
                            "name": "Copy data",
                            "type": "Copy",
                            "dependsOn": [],
                            "policy": {
                                "timeout": "0.12:00:00",
                                "retry": 0,
                                "retryIntervalInSeconds": 30,
                                "secureOutput": false,
                                "secureInput": false
                            },
                            "userProperties": [],
                            "typeProperties": {
                                "source": {
                                    "type": "SqlServerSource",
                                    "queryTimeout": "02:00:00",
                                    "partitionOption": "None"
                                },
                                "sink": {
                                    "type": "AzureSqlSink",
                                    "writeBehavior": "insert",
                                    "sqlWriterUseTableLock": false,
                                    "tableOption": "autoCreate",
                                    "disableMetricsCollection": false
                                },
                                "enableStaging": false,
                                "translator": {
                                    "type": "TabularTranslator",
                                    "typeConversion": true,
                                    "typeConversionSettings": {
                                        "allowDataTruncation": true,
                                        "treatBooleanAsNumber": false
                                    }
                                }
                            },
                            "inputs": [
                                {
                                    "referenceName": "onprem_sql_tables_para_DS",
                                    "type": "DatasetReference",
                                    "parameters": {
                                        "table_name": {
                                            "value": "@item().TABLE_NAME",
                                            "type": "Expression"
                                        }
                                    }
                                }
                            ],
                            "outputs": [
                                {
                                    "referenceName": "azure_cloud_sql_para_DS",
                                    "type": "DatasetReference",
                                    "parameters": {
                                        "table_name": "@item().TABLE_NAME"
                                    }
                                }
                            ]
                        }
                    ]
                }
            }
        ],
        "folder": {
            "name": "onprem_to_cloud_SQL"
        },
        "annotations": [],
        "lastPublishTime": "2024-10-13T18:25:05Z"
    },
    "type": "Microsoft.DataFactory/factories/pipelines"
}