{
    "now": "2024-10-17T15:01:40.938Z",
    "perfNow": 28355.20000000298,
    "diagnosticCorrelation": "de840bfe-afa2-48e9-ae36-30639c6ec1aa",
    "source": "DownloadSupportFiles",
    "environment": {
        "productName": "adf",
        "buildVersion": "1.0.092724.5",
        "environmentType": 3,
        "resourceName": "hvantage-adf",
        "resourceRegion": "centralindia",
        "resourceGroup": "Hvantage_rg",
        "subscriptionId": "09e76537-b8ef-4424-926d-9a1c080b52e8",
        "sessionId": "lLJ3N6+Gnw95DhW+bJ/U0I",
        "operationId": "",
        "gitType": "live",
        "loggingKey": "cbf6e71b-4fb8-4d29-ad05-2360f434bf00"
    },
    "additionalInfo": {
        "selectedResource": "import_onprem_to_sql_cloud",
        "selectedResourceType": "pipeline"
    }
}